id;date;endDate;time;endTime;category;color;title;author;location;locationUrl;image;gallery;content;bildImModal
1;22.08.2026;;13:45;20:00;SMM, Rhy 1;cyan;SMM R6 (Olten 4 - Rhy 1);;Bioland, Tannwaldstrasse 44, 4600 Olten, Schweiz;https://maps.google.com/?q=Tannwaldstrasse+44,+4600+Olten,+Schweiz;;;<p><strong>Wettbewerb:</strong> SMM 2026 (6 Bretter)<br><strong>Liga:</strong> Liga 3 Nordwest 2<br><strong>Runde:</strong> 6<br><strong>Begegnung:</strong> Olten 4 - Rhy 1</p>;ja
2;22.08.2026;;13:45;20:00;SMM, Rhy 2;cyan;SMM R6 (Rhy 2 - Baden-Brugg 9);;Alfa Business Center, Weidenweg 15, 4310 Rheinfelden, Schweiz;https://maps.google.com/?q=Weidenweg+15,+4310+Rheinfelden,+Schweiz;;;<p><strong>Wettbewerb:</strong> SMM 2026 (4 Bretter)<br><strong>Liga:</strong> Liga 4 Nordwest 2<br><strong>Runde:</strong> 6<br><strong>Begegnung:</strong> Rhy 2 - Baden-Brugg 9</p>;ja
5;05.09.2026;;13:45;20:00;SMM, Rhy 1;cyan;SMM R7 (Rhy 1 - Riehen 5);;Alfa Business Center, Weidenweg 15, 4310 Rheinfelden, Schweiz;https://maps.google.com/?q=Weidenweg+15,+4310+Rheinfelden,+Schweiz;;;<p><strong>Wettbewerb:</strong> SMM 2026 (6 Bretter)<br><strong>Liga:</strong> Liga 3 Nordwest 2<br><strong>Runde:</strong> 7<br><strong>Begegnung:</strong> Rhy 1 - Riehen 5</p>;ja
6;05.09.2026;;13:45;20:00;SMM, Rhy 2;cyan;SMM R7 (Therwil 3 - Rhy 2);;Benkenstrasse 20, 4106 Therwil, Schweiz;https://maps.google.com/?q=Benkenstrasse+20,+4106+Therwil,+Schweiz;;;<p><strong>Wettbewerb:</strong> SMM 2026 (4 Bretter)<br><strong>Liga:</strong> Liga 4 Nordwest 2<br><strong>Runde:</strong> 7<br><strong>Begegnung:</strong> Therwil 3 - Rhy 2</p>;ja
3;06.09.2026;;12:30;20:00;Jugend, Turnier;blue;Jugend-GP-Turnier Lenzburg;;5600 Lenzburg, Schweiz;https://maps.google.com/?q=Lenzburg,+Schweiz;;;<p><strong>Wettbewerb:</strong> Jugend-GP-Turnier</p>;nein
4;11.09.2026;13.09.2026;17:30;18:30;Open, Turnier;;20. Int. Standard-Open Rheinfelden 2026;;Rheinfelden Campus, Jahnstraße 1, 79618 Rheinfelden, Deutschland;https://maps.google.com/?q=Jahnstraße+1,+79618+Rheinfelden,+Deutschland;https://res.cloudinary.com/i1wuvnct/image/upload/w_800,c_limit,f_auto,q_auto/v1784323186/Bilder/Logos/Campus_Rheinfelden_txurat.png;https://res.cloudinary.com/i1wuvnct/image/upload/w_800,c_limit,f_auto,q_auto/v1784323193/Bilder/Logos/Campus_Rheinfelden_Open_vjhrf3.png;"<p><strong>20. Internationales Standard-Open Rheinfelden 2026</strong> (FIDE & DWZ Auswertung)</p><p><strong>Turniermodus:</strong> 5 Runden CH-System · 90 Min. + 30 Sek. pro Zug</p><p><strong>Zeitplan:</strong><br>• Fr, 11.09.: 17:30-18:30 Check-in, 19:00 Runde 1<br>• Sa, 12.09.: 09:30 Runde 2, 14:30 Runde 3<br>• So, 13.09.: 09:30 Runde 4, 14:30 Runde 5</p><p><strong>Preisfonds:</strong> 1. Platz CHF 400 | 2. Platz CHF 200 | 3. Platz CHF 100 + Pokale & Ratingpreise<br><strong>Startgeld:</strong> 75 € / 70 CHF (Rabatt für Vereinsmitglieder)</p><p><a href=""https://www.schach-rheinfelden.de/app/download/12482911595/SOR26-Ausschreibung+mit+Anlage.pdf"" target=""_blank"" style=""color: var(--accent-color); font-weight: bold;"">→ Ausschreibung (PDF) herunterladen</a></p>";ja
7;20.09.2026;;15:00;17:30;Freizeit-Arena, Turnier;;3. Freizeit-Arena 26;;Gambrinus, Friedrichstrasse 6, 79618 Rheinfelden, Deutschland;https://maps.google.com/?q=Friedrichstrasse+6,+79618+Rheinfelden,+Deutschland;https://res.cloudinary.com/i1wuvnct/image/upload/w_800,c_limit,f_auto,q_auto/v1784886313/Bilder/Logos/Freizeit-Arena_Trophaee_nvhibc.png;;<p><strong>Wettbewerb:</strong> 3. Freizeit-Arena 26<br><strong>Runde:</strong> 3</p>;ja
8;24.10.2026;;12:30;20:00;Jugend, Turnier;blue;Jugend-Team-Turnier Aarau-Rohr;;Auenhalle, Hauptstrasse 60, 5032 Aarau Rohr, Schweiz;https://maps.google.com/?q=Hauptstrasse+60,+5032+Aarau+Rohr,+Schweiz;;;<p><strong>Wettbewerb:</strong> Jugend-Team-Turnier</p>;nein
9;06.12.2026;;15:00;17:30;Freizeit-Arena, Turnier;;4. Freizeit-Arena 26;;Gambrinus, Friedrichstrasse 6, 79618 Rheinfelden, Deutschland;https://maps.google.com/?q=Friedrichstrasse+6,+79618+Rheinfelden,+Deutschland;https://res.cloudinary.com/i1wuvnct/image/upload/w_800,c_limit,f_auto,q_auto/v1784886313/Bilder/Logos/Freizeit-Arena_Trophaee_nvhibc.png;;<p><strong>Wettbewerb:</strong> 4. Freizeit-Arena 26<br><strong>Runde:</strong> 4</p>;ja
10;26.07.2026;;15:30;16:30;Training;gold;Training mit IM Watu Kobese;;Gambrinus, Friedrichstrasse 6, 79618 Rheinfelden, Deutschland;https://maps.google.com/?q=Friedrichstrasse+6,+79618+Rheinfelden,+Deutschland;https://res.cloudinary.com/i1wuvnct/image/upload/w_800,c_limit,f_auto,q_auto/v1784323174/Bilder/Logos/Watu_Kobese_j2nco4.png;;<p><strong>Training mit IM Watu Kobese</strong><br>Spezialtraining für alle interessierten Spieler im Gambrinus.</p>;ja
11;24.08.2026;14.09.2026;;;Freizeit, DE;red;Kein Freizeitschach DE - Sommerpause;;Gambrinus, Friedrichstrasse 6, 79618 Rheinfelden, Deutschland;https://maps.google.com/?q=Friedrichstrasse+6,+79618+Rheinfelden,+Deutschland;;;<p><strong>Hinweis:</strong> In diesem Zeitraum findet im Gambrinus in Rheinfelden (DE) wegen Ferien kein Freizeitschach statt.<br><em>Ausnahme: Das Schweizer Freizeitschach am Dienstag findet statt!</em></p>;nein
12;24.08.2026;14.09.2026;;;Freizeit, CH;#22c55e;Dienstags: Freizeitschach Schweiz in der Sommerpause DE;;Cafeteria Reha, Salinenstrasse 98, 4310 Rheinfelden, Schweiz;https://maps.google.com/?q=Salinenstrasse+98,+4310+Rheinfelden,+Schweiz;;;<p><strong>Trotz Ferien in DE:</strong> Unser Schweizer Freizeitschach findet im gesamten Ferienzeitraum regulär dienstags von 17:00 bis 19:00 Uhr in der Cafeteria Reha (Salinenstrasse 98) statt. Alle Mitglieder und Gäste sind herzlich willkommen!</p>;nein
13;15.09.2026;;;;Freizeit, CH;red;Kein Freizeitschach CH;;Cafeteria Reha, Salinenstrasse 98, 4310 Rheinfelden, Schweiz;https://maps.google.com/?q=Salinenstrasse+98,+4310+Rheinfelden,+Schweiz;;;<p>Unser Schweizer Freizeitschach macht eine Woche Pause!</p>;nein
14;27.09.2026;;15:30;16:30;Training;gold;Training mit IM Watu Kobese;;Gambrinus, Friedrichstrasse 6, 79618 Rheinfelden, Deutschland;https://maps.google.com/?q=Friedrichstrasse+6,+79618+Rheinfelden,+Deutschland;https://res.cloudinary.com/i1wuvnct/image/upload/w_800,c_limit,f_auto,q_auto/v1784323174/Bilder/Logos/Watu_Kobese_j2nco4.png;;<p><strong>Training mit IM Watu Kobese</strong><br>Spezialtraining für alle interessierten Spieler im Gambrinus.</p>;ja
15;18.10.2026;;09:45;16:00;BMM, Rhf 1, Rhf 2;purple;BMM 26/27 R1 (Rhf 2 – Rhf 1);;Gambrinus, Friedrichstrasse 6, 79618 Rheinfelden, Deutschland;https://maps.google.com/?q=Friedrichstrasse+6,+79618+Rheinfelden,+Deutschland;;;<p><strong>Wettbewerb:</strong> BMM 2026/27 (4 Bretter)<br><strong>Liga:</strong> Bezirksklasse Hochrhein<br><strong>Runde:</strong> 1<br><strong>Begegnung:</strong> Rhf 2 – Rhf 1</p>;nein
16;08.11.2026;;09:45;16:00;BMM, Rhf 1;purple;BMM 26/27 R2 (Rhf 1 – TV Kadelburg 2);;Gambrinus, Friedrichstrasse 6, 79618 Rheinfelden, Deutschland;https://maps.google.com/?q=Friedrichstrasse+6,+79618+Rheinfelden,+Deutschland;;;<p><strong>Wettbewerb:</strong> BMM 2026/27 (4 Bretter)<br><strong>Liga:</strong> Bezirksklasse Hochrhein<br><strong>Runde:</strong> 2<br><strong>Begegnung:</strong> Rhf 1 – TV Kadelburg 2</p>;nein
17;06.12.2026;;09:45;16:00;BMM, Rhf 1;purple;BMM 26/27 R3 (SG Schopfheim 2 – Rhf 1);;Altes Rathaus Fahrnau, Hauptstrasse 255, 79650 Schopfheim, Deutschland;https://maps.app.goo.gl/bc3zWyujT9hskbs58;;;<p><strong>Wettbewerb:</strong> BMM 2026/27 (4 Bretter)<br><strong>Liga:</strong> Bezirksklasse Hochrhein<br><strong>Runde:</strong> 3<br><strong>Begegnung:</strong> SG Schopfheim 2 – Rhf 1</p>;nein
18;17.01.2027;;09:45;16:00;BMM, Rhf 1;purple;BMM 26/27 R4 (Rhf 1 – SC Brombach 5);;Gambrinus, Friedrichstrasse 6, 79618 Rheinfelden, Deutschland;https://maps.google.com/?q=Friedrichstrasse+6,+79618+Rheinfelden,+Deutschland;;;<p><strong>Wettbewerb:</strong> BMM 2026/27 (4 Bretter)<br><strong>Liga:</strong> Bezirksklasse Hochrhein<br><strong>Runde:</strong> 4<br><strong>Begegnung:</strong> Rhf 1 – SC Brombach 5</p>;nein
19;31.01.2027;;09:45;16:00;BMM, Rhf 1;purple;BMM 26/27 R5 (SC Brombach 6 – Rhf 1);;Alte Gewerbeschule, Badstraße 16, 79541 Lörrach-Brombach, Deutschland;https://maps.app.goo.gl/bRAMJapeZtihQcWf8;;;<p><strong>Wettbewerb:</strong> BMM 2026/27 (4 Bretter)<br><strong>Liga:</strong> Bezirksklasse Hochrhein<br><strong>Runde:</strong> 5<br><strong>Begegnung:</strong> SC Brombach 6 – Rhf 1</p>;nein
20;28.02.2027;;09:45;16:00;BMM, Rhf 1;purple;BMM 26/27 R6 (Rhf 1 – SC Brombach 7);;Gambrinus, Friedrichstrasse 6, 79618 Rheinfelden, Deutschland;https://maps.google.com/?q=Friedrichstrasse+6,+79618+Rheinfelden,+Deutschland;;;<p><strong>Wettbewerb:</strong> BMM 2026/27 (4 Bretter)<br><strong>Liga:</strong> Bezirksklasse Hochrhein<br><strong>Runde:</strong> 6<br><strong>Begegnung:</strong> Rhf 1 – SC Brombach 7</p>;nein
21;21.03.2027;;09:45;16:00;BMM, Rhf 1;purple;BMM 26/27 R7 (TV Kadelburg 1 – Rhf 1);;Vereinsheim Kadelburg, Kirchstraße 20, 79790 Küssaberg, Deutschland;https://maps.app.goo.gl/WSLhXUsioZv4okM88;;;<p><strong>Wettbewerb:</strong> BMM 2026/27 (4 Bretter)<br><strong>Liga:</strong> Bezirksklasse Hochrhein<br><strong>Runde:</strong> 7<br><strong>Begegnung:</strong> TV Kadelburg 1 – Rhf 1</p>;nein
22;18.04.2027;;09:45;16:00;BMM, Rhf 1;purple;BMM 26/27 R8 (SGEM Waldshut-Tiengen 2 – Rhf 1);;Stoll-Vita-Stiftung, Emma-Stoll-Weg 2, 79761 Waldshut-Tiengen, Deutschland;https://maps.app.goo.gl/DsUbF5YgJugWpgWf8;;;<p><strong>Wettbewerb:</strong> BMM 2026/27 (4 Bretter)<br><strong>Liga:</strong> Bezirksklasse Hochrhein<br><strong>Runde:</strong> 8<br><strong>Begegnung:</strong> SGEM Waldshut-Tiengen 2 – Rhf 1</p>;nein
23;06.06.2027;;09:45;16:00;BMM, Rhf 1;purple;BMM 26/27 R9 (Rhf 1 – SC Dreiländereck 3);;Gambrinus, Friedrichstrasse 6, 79618 Rheinfelden, Deutschland;https://maps.google.com/?q=Friedrichstrasse+6,+79618+Rheinfelden,+Deutschland;;;<p><strong>Wettbewerb:</strong> BMM 2026/27 (4 Bretter)<br><strong>Liga:</strong> Bezirksklasse Hochrhein<br><strong>Runde:</strong> 9<br><strong>Begegnung:</strong> Rhf 1 – SC Dreiländereck 3</p>;nein
24;08.11.2026;;09:45;16:00;BMM, Rhf 2;purple;BMM 26/27 R2 (SC Dreiländereck 3 – Rhf 2);;Alte Hans-Thoma-Schule, Wilhelm-Glock-Straße 13, 79576 Weil-Haltingen, Deutschland;https://maps.app.goo.gl/CYuP2yre61TGrxcX6;;;<p><strong>Wettbewerb:</strong> BMM 2026/27 (4 Bretter)<br><strong>Liga:</strong> Bezirksklasse Hochrhein<br><strong>Runde:</strong> 2<br><strong>Begegnung:</strong> SC Dreiländereck 3 – Rhf 2</p>;nein
25;06.12.2026;;09:45;16:00;BMM, Rhf 2;purple;BMM 26/27 R3 (Rhf 2 – SGEM Waldshut-Tiengen 2);;Gambrinus, Friedrichstrasse 6, 79618 Rheinfelden, Deutschland;https://maps.google.com/?q=Friedrichstrasse+6,+79618+Rheinfelden,+Deutschland;;;<p><strong>Wettbewerb:</strong> BMM 2026/27 (4 Bretter)<br><strong>Liga:</strong> Bezirksklasse Hochrhein<br><strong>Runde:</strong> 3<br><strong>Begegnung:</strong> Rhf 2 – SGEM Waldshut-Tiengen 2</p>;nein
26;17.01.2027;;09:45;16:00;BMM, Rhf 2;purple;BMM 26/27 R4 (Rhf 2 – TV Kadelburg 2);;Gambrinus, Friedrichstrasse 6, 79618 Rheinfelden, Deutschland;https://maps.google.com/?q=Friedrichstrasse+6,+79618+Rheinfelden,+Deutschland;;;<p><strong>Wettbewerb:</strong> BMM 2026/27 (4 Bretter)<br><strong>Liga:</strong> Bezirksklasse Hochrhein<br><strong>Runde:</strong> 4<br><strong>Begegnung:</strong> Rhf 2 – TV Kadelburg 2</p>;nein
27;31.01.2027;;09:45;16:00;BMM, Rhf 2;purple;BMM 26/27 R5 (SG Schopfheim 2 – Rhf 2);;Altes Rathaus Fahrnau, Hauptstrasse 255, 79650 Schopfheim, Deutschland;https://maps.app.goo.gl/bc3zWyujT9hskbs58;;;<p><strong>Wettbewerb:</strong> BMM 2026/27 (4 Bretter)<br><strong>Liga:</strong> Bezirksklasse Hochrhein<br><strong>Runde:</strong> 5<br><strong>Begegnung:</strong> SG Schopfheim 2 – Rhf 2</p>;nein
28;28.02.2027;;09:45;16:00;BMM, Rhf 2;purple;BMM 26/27 R6 (Rhf 2 – SC Brombach 5);;Gambrinus, Friedrichstrasse 6, 79618 Rheinfelden, Deutschland;https://maps.google.com/?q=Friedrichstrasse+6,+79618+Rheinfelden,+Deutschland;;;<p><strong>Wettbewerb:</strong> BMM 2026/27 (4 Bretter)<br><strong>Liga:</strong> Bezirksklasse Hochrhein<br><strong>Runde:</strong> 6<br><strong>Begegnung:</strong> Rhf 2 – SC Brombach 5</p>;nein
29;21.03.2027;;09:45;16:00;BMM, Rhf 2;purple;BMM 26/27 R7 (SC Brombach 6 – Rhf 2);;Alte Gewerbeschule, Badstraße 16, 79541 Lörrach-Brombach, Deutschland;https://maps.app.goo.gl/bRAMJapeZtihQcWf8;;;<p><strong>Wettbewerb:</strong> BMM 2026/27 (4 Bretter)<br><strong>Liga:</strong> Bezirksklasse Hochrhein<br><strong>Runde:</strong> 7<br><strong>Begegnung:</strong> SC Brombach 6 – Rhf 2</p>;nein
30;18.04.2027;;09:45;16:00;BMM, Rhf 2;purple;BMM 26/27 R8 (Rhf 2 – SC Brombach 7);;Gambrinus, Friedrichstrasse 6, 79618 Rheinfelden, Deutschland;https://maps.google.com/?q=Friedrichstrasse+6,+79618+Rheinfelden,+Deutschland;;;<p><strong>Wettbewerb:</strong> BMM 2026/27 (4 Bretter)<br><strong>Liga:</strong> Bezirksklasse Hochrhein<br><strong>Runde:</strong> 8<br><strong>Begegnung:</strong> Rhf 2 – SC Brombach 7</p>;nein
31;06.06.2027;;09:45;16:00;BMM, Rhf 2;purple;BMM 26/27 R9 (TV Kadelburg 1 – Rhf 2);;Vereinsheim Kadelburg, Kirchstraße 20, 79790 Küssaberg, Deutschland;https://maps.app.goo.gl/WSLhXUsioZv4okM88;;;<p><strong>Wettbewerb:</strong> BMM 2026/27 (4 Bretter)<br><strong>Liga:</strong> Bezirksklasse Hochrhein<br><strong>Runde:</strong> 9<br><strong>Begegnung:</strong> TV Kadelburg 1 – Rhf 2</p>;nein